{
    "Version": "2012-10-17",
    "Statement": [
        {
            "Effect": "Allow",
            "Action": [
                "ec2:AssociateRouteTable",
                "ec2:AttachInternetGateway",
                "ec2:AuthorizeSecurityGroupEgress",
                "ec2:AuthorizeSecurityGroupIngress",
                "ec2:CreateInternetGateway",
                "ec2:CreateRoute",
                "ec2:CreateRouteTable",
                "ec2:CreateSecurityGroup",
                "ec2:CreateSubnet",
                "ec2:CreateTags",
                "ec2:CreateVpc",
                "ec2:DeleteInternetGateway",
                "ec2:DeleteKeyPair",
                "ec2:DeleteRouteTable",
                "ec2:DeleteSecurityGroup",
                "ec2:DeleteSubnet",
                "ec2:DeleteVpc",
                "ec2:DescribeAccountAttributes",
                "ec2:DescribeNetworkAcls",
                "ec2:DescribeNetworkInterfaces",
                "ec2:DescribeSecurityGroups",
                "ec2:DescribeVpcAttribute",
                "ec2:DescribeVpcs",
                "ec2:DetachInternetGateway",
                "ec2:DisassociateRouteTable",
                "ec2:ImportKeyPair",
                "ec2:ModifyInstanceAttribute",
                "ec2:RevokeSecurityGroupEgress",
                "ec2:RevokeSecurityGroupIngress",
                "ec2:RunInstances",
                "ec2:TerminateInstances"
            ],
            "Resource": [
                "arn:aws:ec2:*:<account_id>:vpc/*",
                "arn:aws:ec2:*:<account_id>:subnet/*",
                "arn:aws:ec2:*:<account_id>:internet-gateway/*",
                "arn:aws:ec2:*:<account_id>:route-table/*",
                "arn:aws:ec2:*:<account_id>:security-group/*",
                "arn:aws:ec2:*:<account_id>:key-pair/news4321-news",
                "arn:aws:ec2:*:<account_id>:network-interface/*",
                "arn:aws:ec2:*:<account_id>:placement-group/",
                "arn:aws:ec2:*:<account_id>:volume/*",
                "arn:aws:ec2:*::image/*",
                "arn:aws:ec2:*:<account_id>:instance/*"
            ]
        }
    ]
}