{
    "Version": "2012-10-17",
    "Statement": [
        {
            "Effect": "Allow",
            "Action": [
                "s3:ListBucket",
                "s3:GetObject",
                "s3:PutObject",
                "s3:ListBucketVersions",
                "s3:GetBucketPolicy",
                "s3:GetBucketAcl",
                "s3:GetBucketCORS",
                "s3:GetBucketWebsite",
                "s3:GetBucketVersioning",
                "s3:GetAccelerateConfiguration",
                "s3:GetBucketRequestPayment",
                "s3:GetBucketLogging",
                "s3:GetLifecycleConfiguration",
                "s3:GetReplicationConfiguration",
                "s3:GetEncryptionConfiguration",
                "s3:GetBucketObjectLockConfiguration",
                "s3:GetBucketTagging",
                "s3:GetBucketOwnershipControls",
                "s3:DeleteBucket",
                "s3:CreateBucket",
                "s3:PutBucketTagging",
                "s3:PutBucketVersioning",
                "s3:PutLifecycleConfiguration",
                "s3:PutBucketOwnershipControls",
                "s3:PutBucketAcl",
                "s3:DeleteObject",
                "s3:DeleteObjectVersion",
                "s3:DeleteBucketOwnershipControls",
                "s3:PutBucketWebsite",
                "s3:GetBucketLocation",
                "s3:PutBucketPublicAccessBlock",
                "s3:GetBucketPublicAccessBlock",
                "s3:PutBucketPolicy",
                "s3:DeleteBucketPolicy"
            ],
            "Resource": [
                "arn:aws:s3:::news4321-terraform-infra",
                "arn:aws:s3:::news4321-terraform-infra/*",
                "arn:aws:s3:::news4321-terraform-infra-static-pages",
                "arn:aws:s3:::news4321-terraform-infra-static-pages/*"
            ]
        }
    ]
}